{"cameraMode":{"drawMode":0,"name":"Shaded","section":"Shading Mode"},"sceneLighting":false,"audioPlay":false,"sceneViewState":{"showFog":true,"showMaterialUpdate":true,"showSkybox":false,"showFlares":true,"showImageEffects":true,"showParticleSystems":true},"in2DMode":false,"pivot":{"x":856.4602661132813,"y":1.3364577293395997,"z":932.545654296875},"rotation":{"x":0.01875346153974533,"y":-0.9742717742919922,"z":0.20644639432430268,"w":0.08851874619722367},"size":7.999617099761963,"orthographic":false}